{
  "statistics": {
    "overall": {
      "human": {
        "N": 900,
        "Min": 1.0,
        "Max": 4.949289808918193,
        "Mean": 2.526129711321871,
        "Std": 0.8957834997605083
      },
      "ai": {
        "N": 1800,
        "Min": 1.0,
        "Max": 5.0,
        "Mean": 2.549260059694916,
        "Std": 0.9280004119132491
      }
    },
    "per_metric_overall": {
      "coverage": {
        "human": {
          "N": 180,
          "Min": 1.0,
          "Max": 4.020526224699857,
          "Mean": 2.59090280485327,
          "Std": 0.8735389703220027
        },
        "ai": {
          "N": 360,
          "Min": 1.0,
          "Max": 5.0,
          "Mean": 2.511107210663179,
          "Std": 0.9441062167841298
        }
      },
      "specificity": {
        "human": {
          "N": 180,
          "Min": 1.0,
          "Max": 4.618753745960132,
          "Mean": 2.386379438814165,
          "Std": 0.9037118018464981
        },
        "ai": {
          "N": 360,
          "Min": 1.0,
          "Max": 4.618753745960132,
          "Mean": 2.6064055251620344,
          "Std": 0.9481071079208372
        }
      },
      "correctness": {
        "human": {
          "N": 180,
          "Min": 1.0,
          "Max": 4.949289808918193,
          "Mean": 2.5123211981402807,
          "Std": 0.8920977500638683
        },
        "ai": {
          "N": 360,
          "Min": 1.0,
          "Max": 4.990348341574993,
          "Mean": 2.5645834188335748,
          "Std": 0.9163515842999324
        }
      },
      "constructiveness": {
        "human": {
          "N": 180,
          "Min": 1.0,
          "Max": 4.543344741339249,
          "Mean": 2.5450384620129154,
          "Std": 0.8896696760244147
        },
        "ai": {
          "N": 360,
          "Min": 1.0,
          "Max": 4.543344741339249,
          "Mean": 2.5601133124885203,
          "Std": 0.8862951311039715
        }
      },
      "stance": {
        "human": {
          "N": 180,
          "Min": 1.0,
          "Max": 4.587188448815058,
          "Mean": 2.5960066527887236,
          "Std": 0.903254014932843
        },
        "ai": {
          "N": 360,
          "Min": 1.0,
          "Max": 5.0,
          "Mean": 2.5040908313272747,
          "Std": 0.9398653088034623
        }
      }
    },
    "per_metric_model": {
      "coverage": {
        "human": {
          "N": 180,
          "Min": 1.0,
          "Max": 4.020526224699857,
          "Mean": 2.59090280485327,
          "Std": 0.8735389703220027
        },
        "claude-sonnet-4-20250514": {
          "N": 60,
          "Min": 1.0,
          "Max": 4.020526224699857,
          "Mean": 2.5980615680153205,
          "Std": 0.8522296404979922
        },
        "fudan": {
          "N": 60,
          "Min": 1.0,
          "Max": 3.9712276641844193,
          "Mean": 2.4725634628743363,
          "Std": 0.8893120491777042
        },
        "gpt-5-chat-latest": {
          "N": 60,
          "Min": 1.0,
          "Max": 4.671886815171888,
          "Mean": 2.584910095055499,
          "Std": 0.9778261640335045
        },
        "hkust-reviewer": {
          "N": 60,
          "Min": 1.0,
          "Max": 4.020526224699857,
          "Mean": 2.2569830007798286,
          "Std": 0.9989763253109472
        },
        "rpi": {
          "N": 60,
          "Min": 1.0,
          "Max": 5.0,
          "Mean": 2.786940972669256,
          "Std": 0.9894840448411022
        },
        "stanford": {
          "N": 60,
          "Min": 1.0,
          "Max": 4.020526224699857,
          "Mean": 2.3671841645848324,
          "Std": 0.8495886427364883
        }
      },
      "specificity": {
        "human": {
          "N": 180,
          "Min": 1.0,
          "Max": 4.618753745960132,
          "Mean": 2.386379438814165,
          "Std": 0.9037118018464981
        },
        "claude-sonnet-4-20250514": {
          "N": 60,
          "Min": 1.0,
          "Max": 3.9371328485589876,
          "Mean": 2.593419340520491,
          "Std": 0.9243198052967969
        },
        "fudan": {
          "N": 60,
          "Min": 1.0,
          "Max": 4.618753745960132,
          "Mean": 2.5906420343581904,
          "Std": 0.9201198890603725
        },
        "gpt-5-chat-latest": {
          "N": 60,
          "Min": 1.0,
          "Max": 4.618753745960132,
          "Mean": 2.6006685360727646,
          "Std": 0.9930354707841053
        },
        "hkust-reviewer": {
          "N": 60,
          "Min": 1.0,
          "Max": 3.9371328485589876,
          "Mean": 2.4928951680128604,
          "Std": 0.9921271835718487
        },
        "rpi": {
          "N": 60,
          "Min": 1.0,
          "Max": 4.618753745960132,
          "Mean": 2.72232680387543,
          "Std": 0.9586468252436936
        },
        "stanford": {
          "N": 60,
          "Min": 1.0,
          "Max": 3.9371328485589876,
          "Mean": 2.6384812681324674,
          "Std": 0.8804624050240918
        }
      },
      "correctness": {
        "human": {
          "N": 180,
          "Min": 1.0,
          "Max": 4.949289808918193,
          "Mean": 2.5123211981402807,
          "Std": 0.8920977500638683
        },
        "claude-sonnet-4-20250514": {
          "N": 60,
          "Min": 1.0,
          "Max": 4.949289808918193,
          "Mean": 2.6157573116943116,
          "Std": 0.9316697931402016
        },
        "fudan": {
          "N": 60,
          "Min": 1.0,
          "Max": 3.822032112162741,
          "Mean": 2.435074553758143,
          "Std": 0.8595934173505627
        },
        "gpt-5-chat-latest": {
          "N": 60,
          "Min": 1.0,
          "Max": 4.949289808918193,
          "Mean": 2.64024859408376,
          "Std": 0.8351853377094599
        },
        "hkust-reviewer": {
          "N": 60,
          "Min": 1.0,
          "Max": 4.990348341574993,
          "Mean": 2.5099211487079236,
          "Std": 0.9731170553986956
        },
        "rpi": {
          "N": 60,
          "Min": 1.0,
          "Max": 4.990348341574993,
          "Mean": 2.5204781648293912,
          "Std": 0.915536513924492
        },
        "stanford": {
          "N": 60,
          "Min": 1.0,
          "Max": 4.949289808918193,
          "Mean": 2.666020739927919,
          "Std": 0.9530236880706571
        }
      },
      "constructiveness": {
        "human": {
          "N": 180,
          "Min": 1.0,
          "Max": 4.543344741339249,
          "Mean": 2.5450384620129154,
          "Std": 0.8896696760244147
        },
        "claude-sonnet-4-20250514": {
          "N": 60,
          "Min": 1.0,
          "Max": 4.543344741339249,
          "Mean": 2.670028614664282,
          "Std": 0.8523456676095147
        },
        "fudan": {
          "N": 60,
          "Min": 1.0,
          "Max": 4.1609095970748,
          "Mean": 2.497938680366276,
          "Std": 0.8541270057569771
        },
        "gpt-5-chat-latest": {
          "N": 60,
          "Min": 1.0,
          "Max": 4.2979773233520335,
          "Mean": 2.5212708879117844,
          "Std": 0.8876893845656413
        },
        "hkust-reviewer": {
          "N": 60,
          "Min": 1.0,
          "Max": 4.076505645925542,
          "Mean": 2.3891417499026586,
          "Std": 0.9249550085025227
        },
        "rpi": {
          "N": 60,
          "Min": 1.0,
          "Max": 4.543344741339249,
          "Mean": 2.6500437523886635,
          "Std": 0.9125638670712564
        },
        "stanford": {
          "N": 60,
          "Min": 1.0,
          "Max": 4.543344741339249,
          "Mean": 2.632256189697455,
          "Std": 0.8490006527102794
        }
      },
      "stance": {
        "human": {
          "N": 180,
          "Min": 1.0,
          "Max": 4.587188448815058,
          "Mean": 2.5960066527887236,
          "Std": 0.903254014932843
        },
        "claude-sonnet-4-20250514": {
          "N": 60,
          "Min": 1.0,
          "Max": 4.587188448815058,